1,2024-09-13T02:21:12.0Z
DNL,lookup-key,insertion-datetime
test---validate,2024091300/6/a/b/arJyPPf2CK7f21bVGne0qMgW0000000001,2024-09-13T02:21:12.0Z
test--validate,2024091300/6/a/b/arJyPPf2CK7f21bVGne0qMgW0000000001,2024-09-13T02:21:12.0Z
test-and-validate,2024091300/6/a/b/arJyPPf2CK7f21bVGne0qMgW0000000001,2024-09-13T02:21:12.0Z
test-andvalidate,2024091300/6/a/b/arJyPPf2CK7f21bVGne0qMgW0000000001,2024-09-13T02:21:12.0Z
test-validate,2024091300/6/a/b/arJyPPf2CK7f21bVGne0qMgW0000000001,2024-09-13T02:21:12.0Z
testand-validate,2024091300/6/a/b/arJyPPf2CK7f21bVGne0qMgW0000000001,2024-09-13T02:21:12.0Z
testandvalidate,2024091300/6/a/b/arJyPPf2CK7f21bVGne0qMgW0000000001,2024-09-13T02:21:12.0Z
testvalidate,2024091300/6/a/b/arJyPPf2CK7f21bVGne0qMgW0000000001,2024-09-13T02:21:12.0Z
